git_commit,sequence_length,rows,input_family,dtype,scale,max_absolute_error,max_relative_error,max_row_sum_error,masked_positions_exactly_zero,contains_nan,contains_inf,shape_correct,dtype_correct,device_correct,pass_fail,rtol,atol,gpu_name,compute_capability,timestamp
ca87722a00ebf585cd788c67949e7c0b32dca788,31,62,normal,float32,0.125,0.0,0.0,1.1920928955078125e-07,True,False,False,True,True,True,PASS,1e-05,1e-06,Tesla T4,7.5,2026-08-23T19:09:40.591024+00:00
ca87722a00ebf585cd788c67949e7c0b32dca788,31,62,random_x10,float32,0.125,0.0,0.0,1.1920928955078125e-07,True,False,False,True,True,True,PASS,1e-05,1e-06,Tesla T4,7.5,2026-08-23T19:09:40.592948+00:00
ca87722a00ebf585cd788c67949e7c0b32dca788,31,62,random_x100,float32,0.125,0.0,0.0,2.384185791015625e-07,True,False,False,True,True,True,PASS,1e-05,1e-06,Tesla T4,7.5,2026-08-23T19:09:40.594537+00:00
ca87722a00ebf585cd788c67949e7c0b32dca788,31,62,random_x1000,float32,0.125,0.0,0.0,5.960464477539063e-08,True,False,False,True,True,True,PASS,1e-05,1e-06,Tesla T4,7.5,2026-08-23T19:09:40.596090+00:00
ca87722a00ebf585cd788c67949e7c0b32dca788,31,62,zeros,float32,0.125,0.0,0.0,0.0,True,False,False,True,True,True,PASS,1e-05,1e-06,Tesla T4,7.5,2026-08-23T19:09:40.602413+00:00
ca87722a00ebf585cd788c67949e7c0b32dca788,31,62,equal,float32,0.125,0.0,0.0,0.0,True,False,False,True,True,True,PASS,1e-05,1e-06,Tesla T4,7.5,2026-08-23T19:09:40.604092+00:00
ca87722a00ebf585cd788c67949e7c0b32dca788,31,62,dominant_positive,float32,0.125,0.0,0.0,0.0,True,False,False,True,True,True,PASS,1e-05,1e-06,Tesla T4,7.5,2026-08-23T19:09:40.605628+00:00
ca87722a00ebf585cd788c67949e7c0b32dca788,31,62,dominant_negative,float32,0.125,0.0,0.0,1.1920928955078125e-07,True,False,False,True,True,True,PASS,1e-05,1e-06,Tesla T4,7.5,2026-08-23T19:09:40.607199+00:00
ca87722a00ebf585cd788c67949e7c0b32dca788,32,64,normal,float32,0.125,0.0,0.0,1.1920928955078125e-07,True,False,False,True,True,True,PASS,1e-05,1e-06,Tesla T4,7.5,2026-08-23T19:09:40.608868+00:00
ca87722a00ebf585cd788c67949e7c0b32dca788,32,64,random_x10,float32,0.125,0.0,0.0,1.1920928955078125e-07,True,False,False,True,True,True,PASS,1e-05,1e-06,Tesla T4,7.5,2026-08-23T19:09:40.610374+00:00
ca87722a00ebf585cd788c67949e7c0b32dca788,32,64,random_x100,float32,0.125,0.0,0.0,1.7881393432617188e-07,True,False,False,True,True,True,PASS,1e-05,1e-06,Tesla T4,7.5,2026-08-23T19:09:40.611963+00:00
ca87722a00ebf585cd788c67949e7c0b32dca788,32,64,random_x1000,float32,0.125,0.0,0.0,1.1920928955078125e-07,True,False,False,True,True,True,PASS,1e-05,1e-06,Tesla T4,7.5,2026-08-23T19:09:40.613553+00:00
ca87722a00ebf585cd788c67949e7c0b32dca788,32,64,zeros,float32,0.125,0.0,0.0,0.0,True,False,False,True,True,True,PASS,1e-05,1e-06,Tesla T4,7.5,2026-08-23T19:09:40.615067+00:00
ca87722a00ebf585cd788c67949e7c0b32dca788,32,64,equal,float32,0.125,0.0,0.0,0.0,True,False,False,True,True,True,PASS,1e-05,1e-06,Tesla T4,7.5,2026-08-23T19:09:40.616635+00:00
ca87722a00ebf585cd788c67949e7c0b32dca788,32,64,dominant_positive,float32,0.125,0.0,0.0,0.0,True,False,False,True,True,True,PASS,1e-05,1e-06,Tesla T4,7.5,2026-08-23T19:09:40.618336+00:00
ca87722a00ebf585cd788c67949e7c0b32dca788,32,64,dominant_negative,float32,0.125,0.0,0.0,1.1920928955078125e-07,True,False,False,True,True,True,PASS,1e-05,1e-06,Tesla T4,7.5,2026-08-23T19:09:40.619942+00:00
ca87722a00ebf585cd788c67949e7c0b32dca788,33,66,normal,float32,0.125,0.0,0.0,1.1920928955078125e-07,True,False,False,True,True,True,PASS,1e-05,1e-06,Tesla T4,7.5,2026-08-23T19:09:40.621601+00:00
ca87722a00ebf585cd788c67949e7c0b32dca788,33,66,random_x10,float32,0.125,2.9802322387695312e-08,1.1475935934868176e-07,1.1920928955078125e-07,True,False,False,True,True,True,PASS,1e-05,1e-06,Tesla T4,7.5,2026-08-23T19:09:40.623175+00:00
ca87722a00ebf585cd788c67949e7c0b32dca788,33,66,random_x100,float32,0.125,0.0,0.0,1.7881393432617188e-07,True,False,False,True,True,True,PASS,1e-05,1e-06,Tesla T4,7.5,2026-08-23T19:09:40.624780+00:00
ca87722a00ebf585cd788c67949e7c0b32dca788,33,66,random_x1000,float32,0.125,0.0,0.0,5.960464477539063e-08,True,False,False,True,True,True,PASS,1e-05,1e-06,Tesla T4,7.5,2026-08-23T19:09:40.626409+00:00
ca87722a00ebf585cd788c67949e7c0b32dca788,33,66,zeros,float32,0.125,0.0,0.0,0.0,True,False,False,True,True,True,PASS,1e-05,1e-06,Tesla T4,7.5,2026-08-23T19:09:40.628171+00:00
ca87722a00ebf585cd788c67949e7c0b32dca788,33,66,equal,float32,0.125,0.0,0.0,0.0,True,False,False,True,True,True,PASS,1e-05,1e-06,Tesla T4,7.5,2026-08-23T19:09:40.629748+00:00
ca87722a00ebf585cd788c67949e7c0b32dca788,33,66,dominant_positive,float32,0.125,0.0,0.0,0.0,True,False,False,True,True,True,PASS,1e-05,1e-06,Tesla T4,7.5,2026-08-23T19:09:40.631393+00:00
ca87722a00ebf585cd788c67949e7c0b32dca788,33,66,dominant_negative,float32,0.125,0.0,0.0,1.1920928955078125e-07,True,False,False,True,True,True,PASS,1e-05,1e-06,Tesla T4,7.5,2026-08-23T19:09:40.633075+00:00
ca87722a00ebf585cd788c67949e7c0b32dca788,63,126,normal,float32,0.125,7.450580596923828e-09,3.0011699436727213e-07,1.1920928955078125e-07,True,False,False,True,True,True,PASS,1e-05,1e-06,Tesla T4,7.5,2026-08-23T19:09:40.634859+00:00
ca87722a00ebf585cd788c67949e7c0b32dca788,63,126,random_x10,float32,0.125,5.960464477539063e-08,2.339417193297777e-07,1.1920928955078125e-07,True,False,False,True,True,True,PASS,1e-05,1e-06,Tesla T4,7.5,2026-08-23T19:09:40.636566+00:00
ca87722a00ebf585cd788c67949e7c0b32dca788,63,126,random_x100,float32,0.125,2.384185791015625e-07,3.404193478218076e-07,1.7881393432617188e-07,True,False,False,True,True,True,PASS,1e-05,1e-06,Tesla T4,7.5,2026-08-23T19:09:40.638456+00:00
ca87722a00ebf585cd788c67949e7c0b32dca788,63,126,random_x1000,float32,0.125,0.0,0.0,1.1920928955078125e-07,True,False,False,True,True,True,PASS,1e-05,1e-06,Tesla T4,7.5,2026-08-23T19:09:40.640043+00:00
ca87722a00ebf585cd788c67949e7c0b32dca788,63,126,zeros,float32,0.125,0.0,0.0,0.0,True,False,False,True,True,True,PASS,1e-05,1e-06,Tesla T4,7.5,2026-08-23T19:09:40.641678+00:00
ca87722a00ebf585cd788c67949e7c0b32dca788,63,126,equal,float32,0.125,0.0,0.0,0.0,True,False,False,True,True,True,PASS,1e-05,1e-06,Tesla T4,7.5,2026-08-23T19:09:40.643425+00:00
ca87722a00ebf585cd788c67949e7c0b32dca788,63,126,dominant_positive,float32,0.125,0.0,0.0,0.0,True,False,False,True,True,True,PASS,1e-05,1e-06,Tesla T4,7.5,2026-08-23T19:09:40.645220+00:00
ca87722a00ebf585cd788c67949e7c0b32dca788,63,126,dominant_negative,float32,0.125,3.725290298461914e-09,1.9398387962610286e-07,1.1920928955078125e-07,True,False,False,True,True,True,PASS,1e-05,1e-06,Tesla T4,7.5,2026-08-23T19:09:40.647377+00:00
ca87722a00ebf585cd788c67949e7c0b32dca788,64,128,normal,float32,0.125,3.725290298461914e-09,1.9702639519891818e-07,1.1920928955078125e-07,True,False,False,True,True,True,PASS,1e-05,1e-06,Tesla T4,7.5,2026-08-23T19:09:40.649322+00:00
ca87722a00ebf585cd788c67949e7c0b32dca788,64,128,random_x10,float32,0.125,2.9802322387695312e-08,2.2612701400248625e-07,1.1920928955078125e-07,True,False,False,True,True,True,PASS,1e-05,1e-06,Tesla T4,7.5,2026-08-23T19:09:40.650999+00:00
ca87722a00ebf585cd788c67949e7c0b32dca788,64,128,random_x100,float32,0.125,1.1920928955078125e-07,2.1914955539159564e-07,1.7881393432617188e-07,True,False,False,True,True,True,PASS,1e-05,1e-06,Tesla T4,7.5,2026-08-23T19:09:40.652815+00:00
ca87722a00ebf585cd788c67949e7c0b32dca788,64,128,random_x1000,float32,0.125,0.0,0.0,1.1920928955078125e-07,True,False,False,True,True,True,PASS,1e-05,1e-06,Tesla T4,7.5,2026-08-23T19:09:40.654676+00:00
ca87722a00ebf585cd788c67949e7c0b32dca788,64,128,zeros,float32,0.125,0.0,0.0,0.0,True,False,False,True,True,True,PASS,1e-05,1e-06,Tesla T4,7.5,2026-08-23T19:09:40.656562+00:00
ca87722a00ebf585cd788c67949e7c0b32dca788,64,128,equal,float32,0.125,0.0,0.0,0.0,True,False,False,True,True,True,PASS,1e-05,1e-06,Tesla T4,7.5,2026-08-23T19:09:40.658482+00:00
ca87722a00ebf585cd788c67949e7c0b32dca788,64,128,dominant_positive,float32,0.125,0.0,0.0,0.0,True,False,False,True,True,True,PASS,1e-05,1e-06,Tesla T4,7.5,2026-08-23T19:09:40.660353+00:00
ca87722a00ebf585cd788c67949e7c0b32dca788,64,128,dominant_negative,float32,0.125,3.725290298461914e-09,1.7079456426927209e-07,1.1920928955078125e-07,True,False,False,True,True,True,PASS,1e-05,1e-06,Tesla T4,7.5,2026-08-23T19:09:40.662254+00:00
ca87722a00ebf585cd788c67949e7c0b32dca788,127,254,normal,float32,0.125,5.587935447692871e-09,2.775740313154529e-07,1.7881393432617188e-07,True,False,False,True,True,True,PASS,1e-05,1e-06,Tesla T4,7.5,2026-08-23T19:09:40.664206+00:00
ca87722a00ebf585cd788c67949e7c0b32dca788,127,254,random_x10,float32,0.125,5.960464477539063e-08,2.9125678224772855e-07,1.1920928955078125e-07,True,False,False,True,True,True,PASS,1e-05,1e-06,Tesla T4,7.5,2026-08-23T19:09:40.666074+00:00
ca87722a00ebf585cd788c67949e7c0b32dca788,127,254,random_x100,float32,0.125,2.384185791015625e-07,3.3417791200918145e-07,2.384185791015625e-07,True,False,False,True,True,True,PASS,1e-05,1e-06,Tesla T4,7.5,2026-08-23T19:09:40.668104+00:00
ca87722a00ebf585cd788c67949e7c0b32dca788,127,254,random_x1000,float32,0.125,1.1920928955078125e-07,1.817434451822919e-07,1.1920928955078125e-07,True,False,False,True,True,True,PASS,1e-05,1e-06,Tesla T4,7.5,2026-08-23T19:09:40.670033+00:00
ca87722a00ebf585cd788c67949e7c0b32dca788,127,254,zeros,float32,0.125,0.0,0.0,1.1920928955078125e-07,True,False,False,True,True,True,PASS,1e-05,1e-06,Tesla T4,7.5,2026-08-23T19:09:40.672123+00:00
ca87722a00ebf585cd788c67949e7c0b32dca788,127,254,equal,float32,0.125,0.0,0.0,1.1920928955078125e-07,True,False,False,True,True,True,PASS,1e-05,1e-06,Tesla T4,7.5,2026-08-23T19:09:40.673970+00:00
ca87722a00ebf585cd788c67949e7c0b32dca788,127,254,dominant_positive,float32,0.125,0.0,0.0,0.0,True,False,False,True,True,True,PASS,1e-05,1e-06,Tesla T4,7.5,2026-08-23T19:09:40.675865+00:00
ca87722a00ebf585cd788c67949e7c0b32dca788,127,254,dominant_negative,float32,0.125,3.725290298461914e-09,2.4201921178246266e-07,1.1920928955078125e-07,True,False,False,True,True,True,PASS,1e-05,1e-06,Tesla T4,7.5,2026-08-23T19:09:40.677969+00:00
ca87722a00ebf585cd788c67949e7c0b32dca788,128,256,normal,float32,0.125,5.960464477539063e-08,2.3717316821603163e-07,1.1920928955078125e-07,True,False,False,True,True,True,PASS,1e-05,1e-06,Tesla T4,7.5,2026-08-23T19:09:40.679973+00:00
ca87722a00ebf585cd788c67949e7c0b32dca788,128,256,random_x10,float32,0.125,1.1920928955078125e-07,2.4923483010752534e-07,1.1920928955078125e-07,True,False,False,True,True,True,PASS,1e-05,1e-06,Tesla T4,7.5,2026-08-23T19:09:40.681940+00:00
ca87722a00ebf585cd788c67949e7c0b32dca788,128,256,random_x100,float32,0.125,2.384185791015625e-07,3.5164353562322503e-07,2.980232238769531e-07,True,False,False,True,True,True,PASS,1e-05,1e-06,Tesla T4,7.5,2026-08-23T19:09:40.683949+00:00
ca87722a00ebf585cd788c67949e7c0b32dca788,128,256,random_x1000,float32,0.125,1.1920928955078125e-07,2.143511750318794e-07,1.1920928955078125e-07,True,False,False,True,True,True,PASS,1e-05,1e-06,Tesla T4,7.5,2026-08-23T19:09:40.685979+00:00
ca87722a00ebf585cd788c67949e7c0b32dca788,128,256,zeros,float32,0.125,0.0,0.0,1.1920928955078125e-07,True,False,False,True,True,True,PASS,1e-05,1e-06,Tesla T4,7.5,2026-08-23T19:09:40.688181+00:00
ca87722a00ebf585cd788c67949e7c0b32dca788,128,256,equal,float32,0.125,0.0,0.0,1.1920928955078125e-07,True,False,False,True,True,True,PASS,1e-05,1e-06,Tesla T4,7.5,2026-08-23T19:09:40.690199+00:00
ca87722a00ebf585cd788c67949e7c0b32dca788,128,256,dominant_positive,float32,0.125,0.0,0.0,0.0,True,False,False,True,True,True,PASS,1e-05,1e-06,Tesla T4,7.5,2026-08-23T19:09:40.692323+00:00
ca87722a00ebf585cd788c67949e7c0b32dca788,128,256,dominant_negative,float32,0.125,2.9802322387695312e-08,2.719176563914516e-07,1.1920928955078125e-07,True,False,False,True,True,True,PASS,1e-05,1e-06,Tesla T4,7.5,2026-08-23T19:09:40.694528+00:00
ca87722a00ebf585cd788c67949e7c0b32dca788,255,510,normal,float32,0.125,1.4901161193847656e-08,2.9731882023043e-07,1.7881393432617188e-07,True,False,False,True,True,True,PASS,1e-05,1e-06,Tesla T4,7.5,2026-08-23T19:09:40.697221+00:00
ca87722a00ebf585cd788c67949e7c0b32dca788,255,510,random_x10,float32,0.125,5.960464477539063e-08,2.3474572685699968e-07,1.1920928955078125e-07,True,False,False,True,True,True,PASS,1e-05,1e-06,Tesla T4,7.5,2026-08-23T19:09:40.699586+00:00
ca87722a00ebf585cd788c67949e7c0b32dca788,255,510,random_x100,float32,0.125,2.384185791015625e-07,3.451828831657622e-07,2.384185791015625e-07,True,False,False,True,True,True,PASS,1e-05,1e-06,Tesla T4,7.5,2026-08-23T19:09:40.701856+00:00
ca87722a00ebf585cd788c67949e7c0b32dca788,255,510,random_x1000,float32,0.125,1.1920928955078125e-07,1.9956033270318585e-07,1.1920928955078125e-07,True,False,False,True,True,True,PASS,1e-05,1e-06,Tesla T4,7.5,2026-08-23T19:09:40.704157+00:00
ca87722a00ebf585cd788c67949e7c0b32dca788,255,510,zeros,float32,0.125,0.0,0.0,1.1920928955078125e-07,True,False,False,True,True,True,PASS,1e-05,1e-06,Tesla T4,7.5,2026-08-23T19:09:40.706668+00:00
ca87722a00ebf585cd788c67949e7c0b32dca788,255,510,equal,float32,0.125,0.0,0.0,1.1920928955078125e-07,True,False,False,True,True,True,PASS,1e-05,1e-06,Tesla T4,7.5,2026-08-23T19:09:40.709741+00:00
ca87722a00ebf585cd788c67949e7c0b32dca788,255,510,dominant_positive,float32,0.125,0.0,0.0,0.0,True,False,False,True,True,True,PASS,1e-05,1e-06,Tesla T4,7.5,2026-08-23T19:09:40.712689+00:00
ca87722a00ebf585cd788c67949e7c0b32dca788,255,510,dominant_negative,float32,0.125,1.4901161193847656e-08,3.0414898333219753e-07,1.1920928955078125e-07,True,False,False,True,True,True,PASS,1e-05,1e-06,Tesla T4,7.5,2026-08-23T19:09:40.715542+00:00
ca87722a00ebf585cd788c67949e7c0b32dca788,511,1022,normal,float32,0.125,2.9802322387695312e-08,3.0065734790696297e-07,1.7881393432617188e-07,True,False,False,True,True,True,PASS,1e-05,1e-06,Tesla T4,7.5,2026-08-23T19:09:40.718922+00:00
ca87722a00ebf585cd788c67949e7c0b32dca788,511,1022,random_x10,float32,0.125,1.1920928955078125e-07,3.0101611514510296e-07,1.1920928955078125e-07,True,False,False,True,True,True,PASS,1e-05,1e-06,Tesla T4,7.5,2026-08-23T19:09:40.721833+00:00
ca87722a00ebf585cd788c67949e7c0b32dca788,511,1022,random_x100,float32,0.125,2.384185791015625e-07,3.5540304565984115e-07,2.384185791015625e-07,True,False,False,True,True,True,PASS,1e-05,1e-06,Tesla T4,7.5,2026-08-23T19:09:40.724913+00:00
ca87722a00ebf585cd788c67949e7c0b32dca788,511,1022,random_x1000,float32,0.125,1.1920928955078125e-07,2.1302325592387206e-07,1.1920928955078125e-07,True,False,False,True,True,True,PASS,1e-05,1e-06,Tesla T4,7.5,2026-08-23T19:09:40.727886+00:00
ca87722a00ebf585cd788c67949e7c0b32dca788,511,1022,zeros,float32,0.125,0.0,0.0,1.1920928955078125e-07,True,False,False,True,True,True,PASS,1e-05,1e-06,Tesla T4,7.5,2026-08-23T19:09:40.730452+00:00
ca87722a00ebf585cd788c67949e7c0b32dca788,511,1022,equal,float32,0.125,0.0,0.0,1.1920928955078125e-07,True,False,False,True,True,True,PASS,1e-05,1e-06,Tesla T4,7.5,2026-08-23T19:09:40.732766+00:00
ca87722a00ebf585cd788c67949e7c0b32dca788,511,1022,dominant_positive,float32,0.125,0.0,0.0,0.0,True,False,False,True,True,True,PASS,1e-05,1e-06,Tesla T4,7.5,2026-08-23T19:09:40.735109+00:00
ca87722a00ebf585cd788c67949e7c0b32dca788,511,1022,dominant_negative,float32,0.125,1.4901161193847656e-08,2.87439263502165e-07,1.1920928955078125e-07,True,False,False,True,True,True,PASS,1e-05,1e-06,Tesla T4,7.5,2026-08-23T19:09:40.737506+00:00
ca87722a00ebf585cd788c67949e7c0b32dca788,768,1536,normal,float32,0.125,1.4901161193847656e-08,3.362868596923363e-07,2.384185791015625e-07,True,False,False,True,True,True,PASS,1e-05,1e-06,Tesla T4,7.5,2026-08-23T19:09:40.741046+00:00
ca87722a00ebf585cd788c67949e7c0b32dca788,768,1536,random_x10,float32,0.125,1.1920928955078125e-07,3.4774899404510506e-07,1.7881393432617188e-07,True,False,False,True,True,True,PASS,1e-05,1e-06,Tesla T4,7.5,2026-08-23T19:09:40.744217+00:00
ca87722a00ebf585cd788c67949e7c0b32dca788,768,1536,random_x100,float32,0.125,3.5762786865234375e-07,4.5745522925244586e-07,2.384185791015625e-07,True,False,False,True,True,True,PASS,1e-05,1e-06,Tesla T4,7.5,2026-08-23T19:09:40.747353+00:00
ca87722a00ebf585cd788c67949e7c0b32dca788,768,1536,random_x1000,float32,0.125,2.384185791015625e-07,3.113700302037614e-07,2.384185791015625e-07,True,False,False,True,True,True,PASS,1e-05,1e-06,Tesla T4,7.5,2026-08-23T19:09:40.750649+00:00
ca87722a00ebf585cd788c67949e7c0b32dca788,768,1536,zeros,float32,0.125,0.0,0.0,1.1920928955078125e-07,True,False,False,True,True,True,PASS,1e-05,1e-06,Tesla T4,7.5,2026-08-23T19:09:40.753870+00:00
ca87722a00ebf585cd788c67949e7c0b32dca788,768,1536,equal,float32,0.125,0.0,0.0,1.1920928955078125e-07,True,False,False,True,True,True,PASS,1e-05,1e-06,Tesla T4,7.5,2026-08-23T19:09:40.757064+00:00
ca87722a00ebf585cd788c67949e7c0b32dca788,768,1536,dominant_positive,float32,0.125,0.0,0.0,0.0,True,False,False,True,True,True,PASS,1e-05,1e-06,Tesla T4,7.5,2026-08-23T19:09:40.760360+00:00
ca87722a00ebf585cd788c67949e7c0b32dca788,768,1536,dominant_negative,float32,0.125,2.9802322387695312e-08,3.112112665348832e-07,2.384185791015625e-07,True,False,False,True,True,True,PASS,1e-05,1e-06,Tesla T4,7.5,2026-08-23T19:09:40.763462+00:00
ca87722a00ebf585cd788c67949e7c0b32dca788,1023,2046,normal,float32,0.125,2.9802322387695312e-08,3.40454505476373e-07,2.384185791015625e-07,True,False,False,True,True,True,PASS,1e-05,1e-06,Tesla T4,7.5,2026-08-23T19:09:40.767820+00:00
ca87722a00ebf585cd788c67949e7c0b32dca788,1023,2046,random_x10,float32,0.125,5.960464477539063e-08,3.3940230537155003e-07,2.384185791015625e-07,True,False,False,True,True,True,PASS,1e-05,1e-06,Tesla T4,7.5,2026-08-23T19:09:40.772248+00:00
ca87722a00ebf585cd788c67949e7c0b32dca788,1023,2046,random_x100,float32,0.125,3.5762786865234375e-07,4.6973431722108216e-07,3.5762786865234375e-07,True,False,False,True,True,True,PASS,1e-05,1e-06,Tesla T4,7.5,2026-08-23T19:09:40.776637+00:00
ca87722a00ebf585cd788c67949e7c0b32dca788,1023,2046,random_x1000,float32,0.125,2.384185791015625e-07,3.2326829568773974e-07,1.1920928955078125e-07,True,False,False,True,True,True,PASS,1e-05,1e-06,Tesla T4,7.5,2026-08-23T19:09:40.781334+00:00
ca87722a00ebf585cd788c67949e7c0b32dca788,1023,2046,zeros,float32,0.125,0.0,0.0,2.384185791015625e-07,True,False,False,True,True,True,PASS,1e-05,1e-06,Tesla T4,7.5,2026-08-23T19:09:40.786705+00:00
ca87722a00ebf585cd788c67949e7c0b32dca788,1023,2046,equal,float32,0.125,0.0,0.0,2.384185791015625e-07,True,False,False,True,True,True,PASS,1e-05,1e-06,Tesla T4,7.5,2026-08-23T19:09:40.792358+00:00
ca87722a00ebf585cd788c67949e7c0b32dca788,1023,2046,dominant_positive,float32,0.125,0.0,0.0,0.0,True,False,False,True,True,True,PASS,1e-05,1e-06,Tesla T4,7.5,2026-08-23T19:09:40.797696+00:00
ca87722a00ebf585cd788c67949e7c0b32dca788,1023,2046,dominant_negative,float32,0.125,2.9802322387695312e-08,2.9928364142506325e-07,1.7881393432617188e-07,True,False,False,True,True,True,PASS,1e-05,1e-06,Tesla T4,7.5,2026-08-23T19:09:40.803416+00:00
